title,link,date
,#,
,#,
,#,
,#,
,#,
,#,
,#,
,#,
,#,
,#,
,#,
,#,
,#,
,#,
,#,
,#,
,#,
,#,
,#,
,#,
,#,
,#,
,#,
,#,
,https://www.cnnindonesia.com/nasional/20250917072533-12-1274494/fakta-fakta-terbaru-kasus-pembunuhan-kacab-bank-ilham-pradipta,
,https://www.cnnindonesia.com/nasional/20250917091936-20-1274518/6118-personel-gabungan-dikerahkan-amankan-demo-ojol-hari-ini,
,https://www.cnnindonesia.com/nasional/20250917082439-12-1274503/boyamin-ilham-pradipta-merasa-sudah-diincar-pemburu-rekening-dormant,
,https://www.cnnindonesia.com/nasional/20250917084027-12-1274507/tersangka-predator-seks-di-maluku-tenggara-65-wanita-korban-pelecehan,
,https://www.cnnindonesia.com/nasional/20250917084247-32-1274508/kebijakan-sekejap-kpu-mengapa-merahasiakan-dokumen-capres-cawapres,
,https://www.cnnindonesia.com/nasional/20250916193710-32-1274412/menakar-urgensi-rencana-tni-al-beli-kapal-induk-giuseppe-garibaldi,
,,
,,
,,
,https://www.cnnindonesia.com/nasional/20250917100613-20-1274530/kerusuhan-di-yalimo-papua-kemarin-rumah-hingga-asrama-polisi-dibakar,
,https://www.cnnindonesia.com/nasional/20250917082439-12-1274503/boyamin-ilham-pradipta-merasa-sudah-diincar-pemburu-rekening-dormant,
,,
,,
,,
,https://www.cnnindonesia.com/nasional/20250917092036-12-1274516/iwan-setiawan-lukminto-segera-disidang-kasus-korupsi-kredit-sritex,
,https://www.cnnindonesia.com/nasional/20250917084247-32-1274508/kebijakan-sekejap-kpu-mengapa-merahasiakan-dokumen-capres-cawapres,
,https://www.cnnindonesia.com/nasional/20250917091936-20-1274518/6118-personel-gabungan-dikerahkan-amankan-demo-ojol-hari-ini,
,https://www.cnnindonesia.com/nasional/20250917084027-12-1274507/tersangka-predator-seks-di-maluku-tenggara-65-wanita-korban-pelecehan,
,,
,,
,,
,https://www.cnnindonesia.com/nasional/20250917072533-12-1274494/fakta-fakta-terbaru-kasus-pembunuhan-kacab-bank-ilham-pradipta,
,https://www.cnnindonesia.com/nasional/20250917072135-32-1274493/umur-pendek-aturan-kpu-rahasiakan-dokumen-capres-cawapres,
,https://www.cnnindonesia.com/nasional/20250917065947-20-1274489/titik-demo-ojol-hari-ini-istana-kepresidenan-hingga-gedung-dpr-ri,
,https://www.cnnindonesia.com/nasional/20250917063905-32-1274485/momen-dasco-sambut-sjafrie-sjamsoeddin-di-dpr,
,https://www.cnnindonesia.com/nasional/20250917062430-12-1274482/tim-advokasi-jelang-putusan-uji-formil-uu-tni-ujian-integritas-mk,
,https://www.cnnindonesia.com/nasional/20250916193710-32-1274412/menakar-urgensi-rencana-tni-al-beli-kapal-induk-giuseppe-garibaldi,
,,
,,
,,
,https://www.cnnindonesia.com/nasional/20250916192418-12-1274414/sindiran-jaksa-agung-saya-masih-menemukan-kajari-yang-beloon,
,https://www.cnnindonesia.com/nasional/20250916192634-12-1274409/peran-15-tersangka-kasus-penculikan-kacab-bank,
,https://www.cnnindonesia.com/nasional/20250916204721-12-1274438/update-dari-kejagung-soal-perburuan-riza-chalid-hingga-jurist-tan,
,https://www.cnnindonesia.com/nasional/20250917032905-12-1274461/prabowo-disebut-tengah-siapkan-keppres-tim-reformasi-polri,
,,
,,
,,
,https://www.cnnindonesia.com/nasional/20250916190044-12-1274402/polisi-dalami-sosok-s-soal-uang-rekening-dormant-di-kasus-kacab-bank,
,https://www.cnnindonesia.com/nasional/20250917040338-20-1274464/bgn-buka-suara-soal-surat-pernyataan-mbg-di-mts-brebes,
,https://www.cnnindonesia.com/nasional/20250916204750-12-1274436/guru-besar-unm-soroti-5-pasal-multitafsir-di-ruu-perampasan-aset,
,https://www.cnnindonesia.com/nasional/20250916163541-20-1274349/polda-ntt-lanjutkan-pencarian-korban-hilang-banjir-bandang-nagekeo,
,,
,,
,,
,,
,,
,,
,,
,,
,,
